th,199536487
he,184657010
in,165748371
an,136113084
er,134844006
on,111298612
re,105752937
ed,86331176
nd,85752037
at,85518267
or,84517763
te,82509996
en,81894086
ar,79365718
es,76910002
ti,75105751
al,74753115
st,74169292
is,71225036
as,68296065
it,66297573
of,63749850
to,63364058
ng,62363407
nt,59497351
le,53823382
ri,53273129
se,52774739
ro,51448819
co,51083848
de,50933491
ra,50438469
io,48633722
me,47986667
ve,46707158
ea,45653307
ic,45329317
hi,44638876
ne,44282716
ha,44266995
ou,42475309
la,42396473
li,41049371
ch,40969984
ma,40234928
ce,37898643
ca,37458001
ll,37108705
si,36723915
ta,35107231
el,34854251
om,34683055
wa,33778725
be,33150887
fo,32770163
il,32027510
di,31476237
ur,31387959
na,31315844
un,30578355
ns,29785349
ho,29158022
ec,28995552
am,28498250
rs,28291790
tr,28232586
ac,27373991
ni,27228410
us,27228161
pe,27125760
ol,26488752
so,26401319
rt,26017451
lo,25784375
ge,25741802
pr,25722210
ie,25024110
ad,24663480
ct,24657041
nc,24475745
ia,24383926
et,24139540
wi,23462231
ly,23290948
sh,22573229
ir,22330479
pa,22322318
no,22190060
em,21619351
mi,21601670
ot,21528849
po,21283464
ai,21176131
ss,20939873
ut,20937217
mo,20495189
ee,20381837
ts,20375381
vi,20179676
fi,20146432
we,20134574
ow,19041501
iv,18576695
ci,18021041
os,17068982
wh,16953981
id,16737610
im,16342757
ul,16324603
ig,16224442
ry,16130916
su,16127814
ba,15779165
pl,15676281
tu,15386899
op,15358967
fr,15223209
ag,14857636
ay,14537184
fe,14460817
ev,14425353
ty,14336383
mp,14276349
rd,14115600
bo,13996543
ga,13891928
wo,13809732
ld,13656542
rn,13654722
ov,13445235
by,13328898
oo,13262691
gh,13026360
da,13011218
ke,12957625
gr,12746210
bu,12704702
sa,12498607
ap,12486070
oc,12084633
rm,11698187
sc,11659813
bl,11567363
sp,11499553
ab,11452051
ls,11366792
cl,11316766
du,11248506
od,10895161
ei,10666368
ep,10635943
uc,10622780
av,10517518
gi,10500302
tt,10428808
br,10139585
do,10093499
ck,10086779
cr,10044703
um,9909977
pi,9823112
ue,9658404
ex,9599671
fa,9563603
lu,9542807
au,9346183
ua,9315781
eg,9304802
va,9289439
ru,9223277
mb,9050475
rc,8956739
cu,8868525
rr,8584493
ef,8397870
if,8386222
ew,8331492
up,8305662
ug,7950754
ey,7834142
lt,7820491
ye,7750650
nn,7693980
bi,7681869
go,7676906
rk,7639010
ud,7591275
ff,7575268
pu,7564274
pp,7560693
mu,7524260
rg,7516930
ds,7506229
rl,7392189
gu,7373005
ki,7351507
ip,7281153
qu,7219681
mm,7133378
af,7051188
ft,6778771
ub,6772548
ak,6754929
ui,6713446
tl,6581032
og,6500269
wn,6436749
nu,6335435
ht,6276802
ph,6196590
tw,6107759
dr,5981588
hr,5778159
pt,5748423
oa,5605988
ny,5582512
jo,5165891
hu,5162661
ib,5159215
oi,5127203
cc,5046252
ob,5035076
rv,4988253
ms,4981432
eo,4969599
gn,4672297
aw,4611072
ys,4537137
fu,4514692
vo,4448115
ju,4356722
ja,4269822
gl,4262710
fl,4175610
sl,4075025
ok,4048878
iz,3886305
ks,3789306
ze,3691059
yo,3658097
ka,3637871
eb,3593155
sm,3522030
ps,3447632
gs,3376694
nf,3295299
nk,3270089
nl,3228551
sy,3160248
lm,3070912
je,3020904
eu,2947309
nv,2818419
sk,2781794
ya,2773596
dd,2765496
ik,2687605
kn,2682479
oy,2602332
rp,2552122
xp,2518119
hy,2517107
dy,2507679
tc,2492706
rb,2433066
ws,2419003
wr,2359823
xt,2358963
bs,2336259
lb,2302543
hn,2294844
rf,2282212
lf,2268396
my,2247210
eq,2213821
cy,2196294
xi,2169451
za,2124130
ah,2095656
cs,2064938
oh,2014665
lv,1992039
oe,1931025
nm,1915871
ko,1915032
eh,1899023
ae,1862990
az,1842597
yl,1806335
ek,1771571
dg,1770196
yi,1764794
dl,1760656
gy,1683372
ix,1647405
sw,1620817
ym,1600380
tm,1544088
aj,1492502
zi,1481725
iu,1418196
yp,1406097
ox,1399160
xa,1354295
lp,1344423
gg,1339024
yn,1327280
tb,1301959
ii,1292227
dm,1275698
hl,1237852
lk,1184418
uk,1177999
dv,1158137
xe,1139277
bb,1128019
sf,1121064
gt,1105706
kl,1067631
ax,1061960
uf,1047206
sb,1024972
rw,1021909
hs,996509
nh,983821
hm,953632
pm,950659
rh,935718
xc,925097
dw,922073
yc,886446
kh,882715
nr,879472
ku,872144
zo,845605
sn,829879
hw,829283
sq,827339
ky,814545
nj,812753
tn,808120
yr,804378
lw,801483
ji,790360
wl,786605
oj,780155
nb,765910
lc,750718
mc,748782
aa,742209
yt,736467
lg,720013
sr,702763
kr,684621
dh,669731
ez,663535
dn,659537
yd,658300
nz,657554
iq,631025
dc,583020
bj,577714
tz,572350
lr,568602
py,568003
nw,564999
vy,554787
bc,552286
ao,542220
mn,540651
tv,535930
gm,500364
hb,497050
uo,495621
km,493581
tf,482317
gd,461151
bt,459966
hd,437648
yu,431839
fs,421050
sd,420950
fy,400626
zz,388423
mr,385424
oz,373122
ij,367367
cq,367077
np,365486
aq,363753
df,354066
yb,343256
ux,340105
dt,332825
cd,331863
ln,331368
uv,330959
ml,328543
uz,326908
uy,321102
ej,317772
tp,313335
xh,306792
dj,301781
bh,300951
zh,293616
wy,291647
gb,290962
wt,290806
yw,283640
zu,278923
bm,276844
kg,275253
lh,271781
xu,268901
db,268177
iy,262012
rz,259052
sv,252119
xo,250800
bd,239902
fc,238368
ih,238131
kw,230523
sg,227189
nq,225429
zy,219095
cz,214527
gw,212367
td,209906
uh,208527
wd,200361
cm,199236
pc,196903
kt,196621
vs,191556
dp,189278
mt,187383
yg,175672
iw,175340
kk,174058
sz,173997
cb,172478
tg,169513
vu,169246
dq,167347
wk,165893
ww,164446
fm,160039
pd,156777
mf,155178
wc,154584
vr,153886
wb,151074
jr,150912
pb,149906
uj,147393
bn,144094
hc,143280
vd,141864
cn,139792
xy,138556
qi,138345
pg,136401
hf,136068
kf,134336
xf,131562
yz,129435
cp,129134
rq,128674
kb,127538
qa,126870
mw,123688
wf,121516
hp,120866
wm,119832
cg,119478
md,117858
kp,112857
tk,112559
pn,110383
vl,107207
gf,106855
fg,104713
wu,104390
zl,101524
cf,100916
hk,99787
rj,99579
pf,99333
kd,97533
yf,96965
mh,95650
yk,95167
oq,93304
uw,91914
gp,90822
nx,89101
mg,87457
lz,84506
dz,82068
lj,81540
wp,79445
hv,78641
pk,78204
bw,77798
fb,76805
gc,68551
bv,68402
yh,67807
zb,66930
pw,66113
uu,65845
hq,64958
hh,62140
zn,59637
xx,59481
mv,56335
mk,56136
zm,54832
bf,54684
yv,53232
dk,52155
gk,52147
kv,51951
cw,51766
vn,51707
xl,50603
bp,48941
uq,48533
rx,47284
fd,46810
xv,46230
bg,45888
zt,45537
hz,45443
kc,45115
zk,44104
vc,43976
vp,43269
yy,43139
js,43086
sj,41548
zr,41002
hg,40931
gz,40087
xb,39176
jn,38710
fk,38543
jp,38338
fn,37914
jk,37268
vg,36688
zs,36531
tj,36493
zg,36414
zc,35979
fp,35978
zd,35953
vt,35599
wg,34059
zw,32542
jh,32507
vf,32325
xm,31739
pv,31089
gj,30620
cv,30604
fw,30478
fj,29321
bk,28166
kj,27565
zv,27384
jm,27216
xw,26025
jd,25461
jc,24334
jj,24046
vh,23499
xs,22971
gv,22448
pz,22075
mj,20832
vk,20469
fh,19813
yx,19693
vm,18889
tx,18749
gx,18727
hj,18348
vb,18056
jt,17280
mz,16688
zp,16631
vv,15784
cj,15353
jl,15343
jy,15335
mx,15267
pj,14717
wv,14654
qe,14469
sx,14431
bz,13754
qb,13246
fx,12597
ql,12439
jv,12404
jg,12191
qo,12036
lq,11985
gq,11439
jb,11029
wj,10623
lx,10302
qs,10138
fv,9259
dx,8703
zf,8585
yj,8375
qc,8168
kx,7991
zq,7727
jw,7541
jf,7481
xn,7384
px,7198
wz,7003
qt,6773
kz,6735
qv,6724
qr,6254
xq,6053
vj,6048
wx,5945
vw,5770
xd,5704
qm,5606
qq,5579
mq,5575
xr,5372
fz,5264
wq,5148
bq,4874
cx,4815
qf,4551
bx,4361
qp,4295
qw,4209
vx,4182
tq,4142
pq,4109
kq,3266
qh,3209
vz,3138
jz,3129
zx,2999
qn,2933
qd,2752
xg,2644
zj,2640
hx,2493
yq,2345
fq,2268
xj,1993
xk,1959
qx,1209
xz,1171
vq,1068
qg,1023
jx,911
jq,745
qk,566
qy,491
qj,446
qz,306
